{
    "IsEncrypted": false,
    "Values": {
        "AzureWebJobsStorage": "DefaultEndpointsProtocol=https;AccountName=abcstorage12;AccountKey=bGrUHtEv5X+7ebYzs3Sk+91zgcewT9nGwz4siOQ9UOeKHl1H6ztzcKytJKe7TAsafgeFgRL4DZP7+AStNwJ81g==;EndpointSuffix=core.windows.net",
        "STORAGE_CONNECTION": "DefaultEndpointsProtocol=https;AccountName=abcstorage12;AccountKey=bGrUHtEv5X+7ebYzs3Sk+91zgcewT9nGwz4siOQ9UOeKHl1H6ztzcKytJKe7TAsafgeFgRL4DZP7+AStNwJ81g==;EndpointSuffix=core.windows.net",

        "FUNCTIONS_WORKER_RUNTIME": "dotnet-isolated",


        "TABLE_CUSTOMER": "Customer",
        "TABLE_PRODUCT": "Product",
        "TABLE_ORDER": "Order",

        "BLOB_PRODUCT_IMAGES": "product-images",
        "BLOB_PAYMENT_PROOFS": "payment-proofs",

        "QUEUE_ORDER_NOTIFICATIONS": "order-notifications",
        "QUEUE_STOCK_UPDATES": "stock-updates",

        "FILESHARE_CONTRACTS": "contracts",
        "FILESHARE_DIR_PAYMENTS": "payments"
    }
}

    